Name,Price,Rating,Spec1,Spec2,Spec3,Spec4,Spec5,Spec6,Brand
OnePlus Nord CE 5 5G,"₹24,998",4.1,"Dual Sim, 3G, 4G, 5G, VoLTE, Wi-Fi, IR Blaster","Dimensity 8350 Apex, Octa Core, 3.35 GHz Processor","8 GB RAM, 128 GB inbuilt",7100 mAh Battery with 80W Fast Charging,"6.77 inches, 1080 x 2392 px, 120 Hz Display with Punch Hole",50 MP + 8 MP Dual Rear & 16 MP Front Camera,oneplus
OnePlus Nord 5 5G,"₹31,999",4.75,"Dual Sim, 3G, 4G, 5G, VoLTE, Wi-Fi, NFC, IR Blaster","Snapdragon 8s Gen3, Octa Core, 3 GHz Processor","8 GB RAM, 256 GB inbuilt",6800 mAh Battery with 80W Fast Charging,"6.83 inches, 1272 x 2800 px, 144 Hz Display with Punch Hole",50 MP + 8 MP Dual Rear & 50 MP Front Camera,oneplus
OnePlus 13R 5G,"₹42,997",4,"Dual Sim, 3G, 4G, 5G, VoLTE, Wi-Fi, NFC, IR Blaster","Snapdragon 8 Gen3, Octa Core, 3.3 GHz Processor","12 GB RAM, 256 GB inbuilt",6000 mAh Battery with 80W Fast Charging,"6.78 inches, 1264 x 2780 px, 120 Hz Display with Punch Hole",50 MP + 50 MP + 8 MP Triple Rear & 16 MP Front Camera,oneplus
OnePlus 13s 5G,"₹54,998",4.25,"Dual Sim, 3G, 4G, 5G, VoLTE, Vo5G, Wi-Fi, NFC, IR Blaster","Snapdragon 8 Elite, Octa Core, 4.32 GHz Processor","12 GB RAM, 256 GB inbuilt",5850 mAh Battery with 80W Fast Charging,"6.32 inches, 1216 x 2640 px, 120 Hz Display with Punch Hole",50 MP + 50 MP Dual Rear & 32 MP Front Camera,oneplus
OnePlus Nord CE 5 5G (8GB RAM + 256GB),"₹26,998",4.15,"Dual Sim, 3G, 4G, 5G, VoLTE, Wi-Fi, IR Blaster","Dimensity 8350 Apex, Octa Core, 3.35 GHz Processor","8 GB RAM, 256 GB inbuilt",7100 mAh Battery with 80W Fast Charging,"6.77 inches, 1080 x 2392 px, 120 Hz Display with Punch Hole",50 MP + 8 MP Dual Rear & 16 MP Front Camera,oneplus
OnePlus Nord CE 4 Lite 5G,"₹17,996",4.7,"Dual Sim, 3G, 4G, 5G, VoLTE, Wi-Fi","Snapdragon 695, Octa Core, 2.2 GHz Processor","8 GB RAM, 128 GB inbuilt",5500 mAh Battery with 80W Fast Charging,"6.67 inches, 1080 x 2400 px, 120 Hz Display with Punch Hole",50 MP + 2 MP Dual Rear & 16 MP Front Camera,oneplus
OnePlus 13,"₹69,997",4.35,"Dual Sim, 3G, 4G, 5G, VoLTE, Vo5G, Wi-Fi, NFC, IR Blaster","Snapdragon 8 Elite, Octa Core, 4.32 GHz Processor","12 GB RAM, 256 GB inbuilt",6000 mAh Battery with 100W Fast Charging,"6.82 inches, 1440 x 3168 px, 120 Hz Display with Punch Hole",50 MP + 50 MP + 50 MP Triple Rear & 32 MP Front Camera,oneplus
OnePlus 13T,"₹39,990",4.35,"Dual Sim, 3G, 4G, 5G, VoLTE, Vo5G, Wi-Fi, NFC, IR Blaster","Snapdragon 8 Elite, Octa Core, 4.32 GHz Processor","12 GB RAM, 256 GB inbuilt",6260 mAh Battery with 80W Fast Charging,"6.32 inches, 1216 x 2640 px, 120 Hz Display with Punch Hole",50 MP + 50 MP Dual Rear & 16 MP Front Camera,oneplus
OnePlus Nord CE 5 5G (12GB RAM + 256GB),"₹28,998",4.5,"Dual Sim, 3G, 4G, 5G, VoLTE, Wi-Fi, IR Blaster","Dimensity 8350 Apex, Octa Core, 3.35 GHz Processor","12 GB RAM, 256 GB inbuilt",7100 mAh Battery with 80W Fast Charging,"6.77 inches, 1080 x 2392 px, 120 Hz Display with Punch Hole",50 MP + 8 MP Dual Rear & 16 MP Front Camera,oneplus
Oneplus 14,"₹69,990",4.15,"Dual Sim, 3G, 4G, 5G, VoLTE, Vo5G, Wi-Fi, NFC, IR Blaster",Octa Core Processor,"12 GB RAM, 256 GB inbuilt",6500 mAh Battery with 120W Fast Charging,"6.82 inches, 1440 x 3168 px, 144 Hz Display with Punch Hole",50 MP Quad Rear & 50 MP Front Camera,oneplus
OnePlus Nord CE 4 5G,"₹22,998",4.2,"Dual Sim, 3G, 4G, 5G, VoLTE, Wi-Fi, IR Blaster","Snapdragon 7 Gen3, Octa Core, 2.63 GHz Processor","8 GB RAM, 128 GB inbuilt",5500 mAh Battery with 100W Fast Charging,"6.7 inches, 1080 x 2412 px, 120 Hz Display with Punch Hole",50 MP + 8 MP Dual Rear & 16 MP Front Camera,oneplus
OnePlus Nord 5 (12GB RAM + 256GB),"₹34,999",4.4,"Dual Sim, 3G, 4G, 5G, VoLTE, Wi-Fi, NFC, IR Blaster","Snapdragon 8s Gen3, Octa Core, 3 GHz Processor","12 GB RAM, 256 GB inbuilt",6800 mAh Battery with 80W Fast Charging,"6.83 inches, 1272 x 2800 px, 144 Hz Display with Punch Hole",50 MP + 8 MP Dual Rear & 50 MP Front Camera,oneplus
OnePlus Nord 5 (12GB RAM + 512GB),"₹37,999",4.75,"Dual Sim, 3G, 4G, 5G, VoLTE, Wi-Fi, NFC, IR Blaster","Snapdragon 8s Gen3, Octa Core, 3 GHz Processor","12 GB RAM, 512 GB inbuilt",6800 mAh Battery with 80W Fast Charging,"6.83 inches, 1272 x 2800 px, 144 Hz Display with Punch Hole",50 MP + 8 MP Dual Rear & 50 MP Front Camera,oneplus
OnePlus 12 5G,"₹51,997",4.45,"Dual Sim, 3G, 4G, 5G, VoLTE, Vo5G, Wi-Fi, NFC, IR Blaster","Snapdragon 8 Gen3, Octa Core, 3.3 GHz Processor","12 GB RAM, 256 GB inbuilt",5400 mAh Battery with 100W Fast Charging,"6.82 inches, 1440 x 3168 px, 120 Hz Display with Punch Hole",64 MP + 50 MP + 48 MP Triple Rear & 32 MP Front Camera,oneplus
OnePlus Nord 4 5G,"₹27,990",4.35,"Dual Sim, 3G, 4G, 5G, VoLTE, Wi-Fi, NFC, IR Blaster","Snapdragon 7+ Gen3, Octa Core, 2.8 GHz Processor","8 GB RAM, 128 GB inbuilt",5500 mAh Battery with 100W Fast Charging,"6.74 inches, 1240 x 2772 px, 120 Hz Display with Punch Hole",50 MP + 8 MP Dual Rear & 16 MP Front Camera,oneplus
OnePlus 15,"₹79,999",4.5,"Dual Sim, 3G, 4G, 5G, VoLTE, Vo5G, Wi-Fi, NFC, IR Blaster","Snapdragon 8 Elite 2, Octa Core Processor","12 GB RAM, 256 GB inbuilt",7000 mAh Battery with 100W Fast Charging,"6.78 inches, 1440 x 3168 px, 120 Hz Display with Punch Hole",50 MP + 50 MP + 50 MP Triple Rear & 32 MP Front Camera,oneplus
OnePlus Ace 6 Ultra,"₹39,990",4.75,"Dual Sim, 3G, 4G, 5G, VoLTE, Vo5G, Wi-Fi, NFC, IR Blaster",Octa Core Processor,"12 GB RAM, 256 GB inbuilt",7000 mAh Battery with 100W Fast Charging,"6.78 inches, 144 Hz Display with Punch Hole",50 MP + 50 MP Dual Rear & 32 MP Front Camera,oneplus
OnePlus 13R (16GB RAM + 512GB),"₹47,997",4.55,"Dual Sim, 3G, 4G, 5G, VoLTE, Wi-Fi, NFC, IR Blaster","Snapdragon 8 Gen3, Octa Core, 3.3 GHz Processor","16 GB RAM, 512 GB inbuilt",6000 mAh Battery with 80W Fast Charging,"6.78 inches, 1264 x 2780 px, 120 Hz Display with Punch Hole",50 MP + 50 MP + 8 MP Triple Rear & 16 MP Front Camera,oneplus
Oneplus 14R,"₹49,990",4.05,"Dual Sim, 3G, 4G, 5G, VoLTE, Vo5G, Wi-Fi, NFC, IR Blaster","Snapdragon 8 Elite, Octa Core, 4.32 GHz Processor","12 GB RAM, 256 GB inbuilt",6700 mAh Battery with 80W Fast Charging,"6.78 inches, 1264 x 2780 px, 120 Hz Display with Punch Hole",50 MP + 50 MP + 50 MP Triple Rear & 32 MP Front Camera,oneplus
OnePlus Ace 6,"₹29,990",4.5,"Dual Sim, 3G, 4G, 5G, VoLTE, Vo5G, Wi-Fi, NFC, IR Blaster","Snapdragon 8 Elite, Octa Core, 4.32 GHz Processor","12 GB RAM, 256 GB inbuilt",7800 mAh Battery with 80W Fast Charging,"6.78 inches, 1264 x 2780 px, 120 Hz Display with Punch Hole",50 MP + 8 MP + 2 MP Triple Rear & 16 MP Front Camera,oneplus
OnePlus 13 (24GB RAM+ 1TB),"₹89,997",4.35,"Dual Sim, 3G, 4G, 5G, VoLTE, Vo5G, Wi-Fi, NFC, IR Blaster","Snapdragon 8 Elite, Octa Core, 4.32 GHz Processor","24 GB RAM, 1 TB inbuilt",6000 mAh Battery with 100W Fast Charging,"6.82 inches, 1440 x 3168 px, 120 Hz Display with Punch Hole",50 MP + 50 MP + 50 MP Triple Rear & 32 MP Front Camera,oneplus
OnePlus 13 Pro,"₹70,990",4.15,"Dual Sim, 3G, 4G, 5G, VoLTE, Vo5G, Wi-Fi, NFC","Snapdragon 8 Gen4, Octa Core Processor","12 GB RAM, 256 GB inbuilt",4800 mAh Battery with 200W Fast Charging,"6.78 inches, 1440 x 3412 px, 165 Hz Display with Punch Hole",200 MP + 50 MP + 48 MP Triple Rear & 32 MP Front Camera,oneplus
OnePlus 13s (12GB RAM + 512GB),"₹59,998",4.4,"Dual Sim, 3G, 4G, 5G, VoLTE, Vo5G, Wi-Fi, NFC, IR Blaster","Snapdragon 8 Elite, Octa Core, 4.32 GHz Processor","12 GB RAM, 512 GB inbuilt",5850 mAh Battery with 80W Fast Charging,"6.32 inches, 1216 x 2640 px, 120 Hz Display with Punch Hole",50 MP + 50 MP Dual Rear & 32 MP Front Camera,oneplus
OnePlus Nord CE 5 Lite 5G,"₹22,990",4.05,"Dual Sim, 3G, 4G, 5G, VoLTE, Wi-Fi","Snapdragon 7 Gen2, Octa Core Processor","8 GB RAM, 256 GB inbuilt",5000 mAh Battery with 80W Fast Charging,"6.78 inches, 1080 x 2400 px, 120 Hz Display with Punch Hole",50 MP + 13 MP + 2 MP Triple Rear & 32 MP Front Camera,oneplus
OnePlus Nord CE 4 Lite 5G (8GB RAM + 256GB),"₹20,996",4.5,"Dual Sim, 3G, 4G, 5G, VoLTE, Wi-Fi","Snapdragon 695, Octa Core, 2.2 GHz Processor","8 GB RAM, 256 GB inbuilt",5500 mAh Battery with 80W Fast Charging,"6.67 inches, 1080 x 2400 px, 120 Hz Display with Punch Hole",50 MP + 2 MP Dual Rear & 16 MP Front Camera,oneplus
Oneplus 14 Pro,"₹89,990",4.15,"Dual Sim, 3G, 4G, 5G, VoLTE, Vo5G, Wi-Fi, NFC, IR Blaster","Snapdragon 8 Elite 2, Octa Core Processor","12 GB RAM, 256 GB inbuilt",6500 mAh Battery with 120W Fast Charging,"6.84 inches, 1440 x 3168 px, 120 Hz Display with Punch Hole",50 MP + 50 MP + 50 MP Triple Rear & 50 MP Front Camera,oneplus
OnePlus 13 (16GB RAM+ 512GB),"₹76,997",4.25,"Dual Sim, 3G, 4G, 5G, VoLTE, Vo5G, Wi-Fi, NFC, IR Blaster","Snapdragon 8 Elite, Octa Core, 4.32 GHz Processor","16 GB RAM, 512 GB inbuilt",6000 mAh Battery with 100W Fast Charging,"6.82 inches, 1440 x 3168 px, 120 Hz Display with Punch Hole",50 MP + 50 MP + 50 MP Triple Rear & 32 MP Front Camera,oneplus
OnePlus 11R 5G,"₹36,899",4.4,"Dual Sim, 3G, 4G, 5G, VoLTE, Wi-Fi, NFC, IR Blaster","Snapdragon 8+ Gen1, Octa Core, 3.2 GHz Processor","8 GB RAM, 128 GB inbuilt",5000 mAh Battery with 100W Fast Charging,"6.74 inches, 1240 x 2772 px, 120 Hz Display with Punch Hole",50 MP + 8 MP + 2 MP Triple Rear & 16 MP Front Camera,oneplus
OnePlus Nord 3 5G,"₹22,994",4.15,"Dual Sim, 3G, 4G, 5G, VoLTE, Wi-Fi, NFC, IR Blaster","Dimensity 9000, Octa Core, 3.05 GHz Processor","8 GB RAM, 128 GB inbuilt",5000 mAh Battery with 80W Fast Charging,"6.74 inches, 1240 x 2772 px, 120 Hz Display with Punch Hole",50 MP + 8 MP + 2 MP Triple Rear & 16 MP Front Camera,oneplus
OnePlus 12R (8GB RAM + 256GB),"₹37,978",4.55,"Dual Sim, 3G, 4G, 5G, VoLTE, Wi-Fi, NFC, IR Blaster","Snapdragon 8 Gen2, Octa Core, 3.2 GHz Processor","8 GB RAM, 256 GB inbuilt",5500 mAh Battery with 100W Fast Charging,"6.78 inches, 1264 x 2780 px, 120 Hz Display with Punch Hole",50 MP + 8 MP + 2 MP Triple Rear & 16 MP Front Camera,oneplus
OnePlus Nord 6,"₹34,999",4.6,"Dual Sim, 3G, 4G, 5G, VoLTE, Wi-Fi, NFC, IR Blaster","Snapdragon 8s Gen4, Octa Core, 3.2 GHz Processor","8 GB RAM, 256 GB inbuilt",7500 mAh Battery with 100W Fast Charging,"6.83 inches, 1272 x 2800 px, 144 Hz Display with Punch Hole",50 MP + 50 MP Dual Rear & 50 MP Front Camera,oneplus
OnePlus 13 Mini,"₹49,990",4.55,"Dual Sim, 3G, 4G, 5G, VoLTE, Vo5G, Wi-Fi, NFC, IR Blaster","Snapdragon 8 Elite, Octa Core, 4.32 GHz Processor","8 GB RAM, 256 GB inbuilt",6200 mAh Battery with 80W Fast Charging,"6.31 inches, 1440 x 3168 px, 120 Hz Display with Punch Hole",50 MP + 50 MP Dual Rear & 32 MP Front Camera,oneplus
OnePlus 10 Pro 5G,"₹34,990",4.65,"Dual Sim, 3G, 4G, 5G, VoLTE, Wi-Fi, NFC","Snapdragon 8 Gen1, Octa Core, 3 GHz Processor","8 GB RAM, 128 GB inbuilt",5000 mAh Battery with 80W Fast Charging,"6.7 inches, 1440 x 3216 px, 120 Hz Display with Punch Hole",50 MP + 48 MP + 8 MP Triple Rear & 32 MP Front Camera,oneplus
OnePlus Nord 4 5G (8GB RAM + 256GB),"₹29,999",4,"Dual Sim, 3G, 4G, 5G, VoLTE, Wi-Fi, NFC, IR Blaster","Snapdragon 7+ Gen3, Octa Core, 2.8 GHz Processor","8 GB RAM, 256 GB inbuilt",5500 mAh Battery with 100W Fast Charging,"6.74 inches, 1240 x 2772 px, 120 Hz Display with Punch Hole",50 MP + 8 MP Dual Rear & 16 MP Front Camera,oneplus
OnePlus Nord CE 4 5G (8GB RAM + 256GB),"₹24,998",4,"Dual Sim, 3G, 4G, 5G, VoLTE, Wi-Fi, IR Blaster","Snapdragon 7 Gen3, Octa Core, 2.63 GHz Processor","8 GB RAM, 256 GB inbuilt",5500 mAh Battery with 100W Fast Charging,"6.7 inches, 1080 x 2412 px, 120 Hz Display with Punch Hole",50 MP + 8 MP Dual Rear & 16 MP Front Camera,oneplus
OnePlus Nord CE 3 Lite 5G (8GB RAM + 256GB),"₹21,999",4.5,"Dual Sim, 3G, 4G, 5G, VoLTE, Wi-Fi","Snapdragon 695 5G, Octa Core, 2.2 GHz Processor","8 GB RAM, 256 GB inbuilt",5000 mAh Battery with 67W Fast Charging,"6.72 inches, 1080 x 2400 px, 120 Hz Display with Punch Hole",108 MP + 2 MP + 2 MP Triple Rear & 16 MP Front Camera,oneplus
OnePlus Ace 5 Ultra,"₹29,990",4.25,"Dual Sim, 3G, 4G, 5G, VoLTE, Vo5G, Wi-Fi, NFC, IR Blaster","Dimensity 9400 Plus, Octa Core, 3.63 GHz Processor","12 GB RAM, 256 GB inbuilt",6700 mAh Battery with 100W Fast Charging,"6.83 inches, 1272 x 2800 px, 144 Hz Display with Punch Hole",50 MP + 8 MP Dual Rear & 16 MP Front Camera,oneplus
OnePlus Ace 5,"₹26,990",4.05,"Dual Sim, 3G, 4G, 5G, VoLTE, Vo5G, Wi-Fi, NFC, IR Blaster","Snapdragon 8 Gen3, Octa Core, 3.3 GHz Processor","12 GB RAM, 256 GB inbuilt",6415 mAh Battery with 80W Fast Charging,"6.78 inches, 1264 x 2780 px, 120 Hz Display with Punch Hole",50 MP + 8 MP + 2 MP Triple Rear & 16 MP Front Camera,oneplus
OnePlus 12R,"₹39,994",4.75,"Dual Sim, 3G, 4G, 5G, VoLTE, Wi-Fi, NFC, IR Blaster","Snapdragon 8 Gen2, Octa Core, 3.2 GHz Processor","8 GB RAM, 128 GB inbuilt",5500 mAh Battery with 100W Fast Charging,"6.78 inches, 1264 x 2780 px, 120 Hz Display with Punch Hole",50 MP + 8 MP + 2 MP Triple Rear & 16 MP Front Camera,oneplus
OnePlus 11R (16GB RAM + 256GB),"₹44,999",4.55,"Dual Sim, 3G, 4G, 5G, VoLTE, Wi-Fi, NFC, IR Blaster","Snapdragon 8+ Gen1, Octa Core, 3.2 GHz Processor","16 GB RAM, 256 GB inbuilt",5000 mAh Battery with 100W Fast Charging,"6.74 inches, 1240 x 2772 px, 120 Hz Display with Punch Hole",50 MP + 8 MP + 2 MP Triple Rear & 16 MP Front Camera,oneplus
Motorola Edge 60 Fusion,"₹22,845",NA,NA,NA,NA,NA,NA,NA,oneplus
Nothing Phone 3a,"₹23,442",NA,NA,NA,NA,NA,NA,NA,oneplus
iQOO Neo 10R,"₹26,998",NA,NA,NA,NA,NA,NA,NA,oneplus
Realme P3 Ultra,"₹22,999",NA,NA,NA,NA,NA,NA,NA,oneplus
Vivo T4 5G,"₹21,805",NA,NA,NA,NA,NA,NA,NA,oneplus
Motorola Edge 60 Pro,"₹29,370",NA,NA,NA,NA,NA,NA,NA,oneplus
OnePlus 11 5G,"₹39,890",4.5,"Dual Sim, 3G, 4G, 5G, VoLTE, Wi-Fi, NFC","Snapdragon 8 Gen2, Octa Core, 3.2 GHz Processor","8 GB RAM, 128 GB inbuilt",5000 mAh Battery with 100W Fast Charging,"6.7 inches, 1440 x 3216 px, 120 Hz Display with Punch Hole",50 MP + 48 MP + 32 MP Triple Rear & 16 MP Front Camera,oneplus
OnePlus Nord 4 5G (12GB RAM + 256GB),"₹31,999",4.05,"Dual Sim, 3G, 4G, 5G, VoLTE, Wi-Fi, NFC, IR Blaster","Snapdragon 7+ Gen3, Octa Core, 2.8 GHz Processor","12 GB RAM, 256 GB inbuilt",5500 mAh Battery with 100W Fast Charging,"6.74 inches, 1240 x 2772 px, 120 Hz Display with Punch Hole",50 MP + 8 MP Dual Rear & 16 MP Front Camera,oneplus
OnePlus 10R 5G,"₹25,479",4.15,"Dual Sim, 3G, 4G, 5G, VoLTE, Wi-Fi, NFC","Dimensity 8100 Max, Octa Core, 2.85 GHz Processor","8 GB RAM, 128 GB inbuilt",5000 mAh Battery with 80W Fast Charging,"6.7 inches, 1080 x 2412 px, 120 Hz Display with Punch Hole",50 MP + 8 MP + 2 MP Triple Rear & 16 MP Front Camera,oneplus
OnePlus 9R 5G,"₹29,500",4.45,"Dual Sim, 3G, 4G, 5G, VoLTE, Wi-Fi, NFC","Snapdragon 870, Octa Core, 3.2 GHz Processor","8 GB RAM, 128 GB inbuilt",4500 mAh Battery with 65W Fast Charging,"6.55 inches, 1080 x 2400 px, 120 Hz Display with Punch Hole",48 MP Quad Rear & 16 MP Front Camera,oneplus
OnePlus Ace 5s,"₹34,990",4.1,"Dual Sim, 3G, 4G, 5G, VoLTE, Vo5G, Wi-Fi, NFC, IR Blaster","Dimensity 9300, Octa Core, 3.25 GHz Processor","12 GB RAM, 256 GB inbuilt",7000 mAh Battery with 80W Fast Charging,"6.78 inches, 1264 x 2780 px, 120 Hz Display with Punch Hole",50 MP + 8 MP + 2 MP Triple Rear & 32 MP Front Camera,oneplus
OnePlus Open 5G Apex Edition,"₹1,49,998",4.3,"Dual Sim, 3G, 4G, 5G, VoLTE, Wi-Fi, NFC, IR Blaster","Snapdragon 8 Gen2, Octa Core, 3.2 GHz Processor","16 GB RAM, 1 TB inbuilt",4805 mAh Battery with 67W Fast Charging,"7.82 inches, 2268 x 2440 px, 120 Hz Display with Punch Hole","Foldable Display, Dual Display",oneplus
OnePlus 12R (16GB RAM + 256GB),"₹42,989",4.6,"Dual Sim, 3G, 4G, 5G, VoLTE, Wi-Fi, NFC, IR Blaster","Snapdragon 8 Gen2, Octa Core, 3.2 GHz Processor","16 GB RAM, 256 GB inbuilt",5500 mAh Battery with 100W Fast Charging,"6.78 inches, 1264 x 2780 px, 120 Hz Display with Punch Hole",50 MP + 8 MP + 2 MP Triple Rear & 16 MP Front Camera,oneplus
OnePlus Ace 3V,"₹23,999",4.6,"Dual Sim, 3G, 4G, 5G, VoLTE, Wi-Fi, NFC, IR Blaster","Snapdragon 7+ Gen3, Octa Core, 2.8 GHz Processor","12 GB RAM, 256 GB inbuilt",5500 mAh Battery with 100W Fast Charging,"6.74 inches, 1240 x 2772 px, 120 Hz Display with Punch Hole",50 MP + 8 MP Dual Rear & 16 MP Front Camera,oneplus
OnePlus 8T (12GB RAM + 256GB),"₹27,292",4,"Dual Sim, 3G, 4G, 5G, VoLTE, Wi-Fi, NFC","Snapdragon 865, Octa Core, 2.84 GHz Processor","12 GB RAM, 256 GB inbuilt",4500 mAh Battery with 65W Fast Charging,"6.55 inches, 1080 x 2400 px, 120 Hz Display with Punch Hole",48 MP Quad Rear & 16 MP Front Camera,oneplus
OnePlus 8T,"₹24,998",4.25,"Dual Sim, 3G, 4G, 5G, VoLTE, Wi-Fi, NFC","Snapdragon 865, Octa Core, 2.84 GHz Processor","8 GB RAM, 128 GB inbuilt",4500 mAh Battery with 65W Fast Charging,"6.55 inches, 1080 x 2400 px, 120 Hz Display with Punch Hole",48 MP Quad Rear & 16 MP Front Camera,oneplus
OnePlus Nord N40,"₹27,990",4.7,"Dual Sim, 3G, 4G, 5G, VoLTE, Wi-Fi, NFC, IR Blaster","Snapdragon 7s Gen2, Octa Core Processor","8 GB RAM, 128 GB inbuilt",5500 mAh Battery with 100W Fast Charging,"6.7 inches, 1240 x 2772 px, 120 Hz Display with Punch Hole",50 MP + 8 MP Dual Rear & 16 MP Front Camera,oneplus
OnePlus 11 (16GB RAM + 256GB),"₹61,999",4,"Dual Sim, 3G, 4G, 5G, VoLTE, Wi-Fi, NFC","Snapdragon 8 Gen2, Octa Core, 3.2 GHz Processor","16 GB RAM, 256 GB inbuilt",5000 mAh Battery with 100W Fast Charging,"6.7 inches, 1440 x 3216 px, 120 Hz Display with Punch Hole",50 MP + 48 MP + 32 MP Triple Rear & 16 MP Front Camera,oneplus
OnePlus Clover,"₹14,999",4.25,"Dual Sim, 3G, 4G, VoLTE, Wi-Fi","Snapdragon 460 , Octa Core, 1.8 GHz Processor","4 GB RAM, 64 GB inbuilt",6000 mAh Battery with 18W Fast Charging,"6.52 inches, 720 x 1560 px Display with Punch Hole",13 MP + 2 MP + 2 MP Triple Rear & 8 MP Front Camera,oneplus
OnePlus Ace 2 Pro (24GB RAM + 1TB),"₹49,990",4,"Dual Sim, 3G, 4G, 5G, VoLTE, Wi-Fi, NFC, IR Blaster","Snapdragon 8 Gen2, Octa Core, 3.2 GHz Processor","24 GB RAM, 1 TB inbuilt",5000 mAh Battery with 150W Fast Charging,"6.74 inches, 1240 x 2772 px, 120 Hz Display with Punch Hole",50 MP + 8 MP + 2 MP Triple Rear & 16 MP Front Camera,oneplus
OnePlus Ace 3 Pro (24GB RAM + 1TB),"₹53,990",4.6,"Dual Sim, 3G, 4G, 5G, VoLTE, Vo5G, Wi-Fi, NFC, IR Blaster","Snapdragon 8 Gen3, Octa Core, 3.3 GHz Processor","24 GB RAM, 1 TB inbuilt",6100 mAh Battery with 100W Fast Charging,"6.78 inches, 1264 x 2780 px, 120 Hz Display with Punch Hole",50 MP + 8 MP + 2 MP Triple Rear & 16 MP Front Camera,oneplus
OnePlus Ace 5 Pro,"₹39,990",4.2,"Dual Sim, 3G, 4G, 5G, VoLTE, Vo5G, Wi-Fi, NFC, IR Blaster","Snapdragon 8 Elite, Octa Core, 4.32 GHz Processor","12 GB RAM, 256 GB inbuilt",6100 mAh Battery with 100W Fast Charging,"6.78 inches, 1264 x 2780 px, 120 Hz Display with Punch Hole",50 MP + 8 MP + 2 MP Triple Rear & 16 MP Front Camera,oneplus
OnePlus Open 2 5G,"₹1,39,990",4,"Dual Sim, 3G, 4G, 5G, VoLTE, Wi-Fi, NFC, IR Blaster","Snapdragon 8 Gen2, Octa Core, 3.2 GHz Processor","16 GB RAM, 512 GB inbuilt",5700 mAh Battery with 100W Fast Charging,"8 inches, 2268 x 2440 px, 120 Hz Display with Punch Hole","Foldable Display, Dual Display",oneplus
OnePlus Ace 3 Pro,"₹37,990",4.4,"Dual Sim, 3G, 4G, 5G, VoLTE, Vo5G, Wi-Fi, NFC, IR Blaster","Snapdragon 8 Gen3, Octa Core, 3.3 GHz Processor","12 GB RAM, 256 GB inbuilt",6100 mAh Battery with 100W Fast Charging,"6.78 inches, 1264 x 2780 px, 120 Hz Display with Punch Hole",50 MP + 8 MP + 2 MP Triple Rear & 16 MP Front Camera,oneplus
OnePlus Nord 3 5G (16GB RAM + 256GB),"₹37,399",4.7,"Dual Sim, 3G, 4G, 5G, VoLTE, Wi-Fi, NFC, IR Blaster","Dimensity 9000, Octa Core, 3.05 GHz Processor","16 GB RAM, 256 GB inbuilt",5000 mAh Battery with 80W Fast Charging,"6.74 inches, 1240 x 2772 px, 120 Hz Display with Punch Hole",50 MP + 8 MP + 2 MP Triple Rear & 16 MP Front Camera,oneplus
OnePlus Nord N40 SE,"₹24,990",4.5,"Dual Sim, 3G, 4G, 5G, VoLTE, Wi-Fi, NFC","Snapdragon 778G, Octa Core, 2.4 GHz Processor","8 GB RAM, 128 GB inbuilt",5000 mAh Battery with 40W Fast Charging,"6.78 inches, 1080 x 2400 px, 120 Hz Display with Punch Hole",108 MP + 2 MP + 2 MP Triple Rear & 16 MP Front Camera,oneplus
OnePlus 7T,"₹30,990",4.35,"Dual Sim, 3G, 4G, VoLTE, Wi-Fi, NFC","Snapdragon 855+, Octa Core, 2.96 GHz Processor","8 GB RAM, 128 GB inbuilt",3800 mAh Battery with 30W Fast Charging,"6.55 inches, 1080 x 2400 px Display with Water Drop Notch",48 MP + 16 MP + 12 MP Triple Rear & 16 MP Front Camera,oneplus
OnePlus Ace 5 Racing,"₹29,990",4.65,"Dual Sim, 3G, 4G, 5G, VoLTE, Vo5G, Wi-Fi, NFC, IR Blaster","Dimensity 9400e, Octa Core, 3.4 GHz Processor","12 GB RAM, 256 GB inbuilt",7100 mAh Battery with 80W Fast Charging,"6.77 inches, 1080 x 2392 px, 120 Hz Display with Punch Hole",50 MP + 2 MP Dual Rear & 16 MP Front Camera,oneplus
OnePlus Ace 5 Extreme Edition,"₹34,990",4,"Dual Sim, 3G, 4G, 5G, VoLTE, Vo5G, Wi-Fi, NFC, IR Blaster","Dimensity 9400 Plus, Octa Core, 3.73 GHz Processor","12 GB RAM, 256 GB inbuilt",6415 mAh Battery with 80W Fast Charging,"6.78 inches, 1264 x 2780 px, 120 Hz Display with Punch Hole",50 MP + 8 MP + 2 MP Triple Rear & 16 MP Front Camera,oneplus
OnePlus Ace 5V,"₹29,990",4.5,"Dual Sim, 3G, 4G, 5G, VoLTE, Wi-Fi, NFC, IR Blaster","Dimensity 9350, Octa Core Processor","12 GB RAM, 256 GB inbuilt",7000 mAh Battery with 100W Fast Charging,"6.78 inches, 1240 x 2772 px, 120 Hz Display with Punch Hole",50 MP + 13 MP + 2 MP Triple Rear & 32 MP Front Camera,oneplus
OnePlus Nord N30 SE,"₹18,999",4.65,"Dual Sim, 3G, 4G, 5G, VoLTE, Wi-Fi, NFC","Dimensity 6020, Octa Core, 2.2 GHz Processor","4 GB RAM, 128 GB inbuilt",5000 mAh Battery with 33W Fast Charging,"6.72 inches, 1080 x 2400 px Display with Punch Hole",50 MP + 2 MP Dual Rear & 8 MP Front Camera,oneplus
OnePlus Ace 3,"₹30,999",4.6,"Dual Sim, 3G, 4G, 5G, VoLTE, Wi-Fi, NFC, IR Blaster","Snapdragon 8 Gen2, Octa Core, 3.2 GHz Processor","12 GB RAM, 256 GB inbuilt",5500 mAh Battery with 100W Fast Charging,"6.78 inches, 1264 x 2780 px, 120 Hz Display with Punch Hole",50 MP + 8 MP + 2 MP Triple Rear & 16 MP Front Camera,oneplus
OnePlus 11 Genshin Impact Limited Edition,"₹64,990",4.15,"Dual Sim, 3G, 4G, 5G, VoLTE, Wi-Fi, NFC","Snapdragon 8 Gen2, Octa Core, 3.2 GHz Processor","16 GB RAM, 256 GB inbuilt",5000 mAh Battery with 100W Fast Charging,"6.7 inches, 1440 x 3216 px, 120 Hz Display with Punch Hole",50 MP + 48 MP + 32 MP Triple Rear & 16 MP Front Camera,oneplus
OnePlus 11T,"₹59,990",4.4,"Dual Sim, 3G, 4G, 5G, VoLTE, Wi-Fi, NFC","Snapdragon 8 Gen2, Octa Core, 3.2 GHz Processor","8 GB RAM, 128 GB inbuilt",5000 mAh Battery with 120W Fast Charging,"6.7 inches, 1440 x 3216 px, 120 Hz Display with Punch Hole",64 MP + 50 MP + 32 MP Triple Rear & 32 MP Front Camera,oneplus
OnePlus Nord N30 5G,"₹24,990",4.4,"Dual Sim, 3G, 4G, 5G, VoLTE, Wi-Fi, NFC","Snapdragon 695, Octa Core, 2.2 GHz Processor","8 GB RAM, 128 GB inbuilt",5000 mAh Battery with 67W Fast Charging,"6.72 inches, 1080 x 2400 px, 120 Hz Display with Punch Hole",108 MP + 2 MP + 2 MP Triple Rear & 16 MP Front Camera,oneplus
OnePlus V Flip,"₹79,990",4.4,"Single Sim, 3G, 4G, 5G, VoLTE, Wi-Fi, NFC","Dimensity 9000 Plus, Octa Core, 3.2 GHz Processor","12 GB RAM, 256 GB inbuilt",4500 mAh Battery with 67W Fast Charging,"6.78 inches, 1080 x 2520 px, 120 Hz Display with Punch Hole","Foldable Display, Dual Display",oneplus
OnePlus 12T,"₹49,990",4.2,"Dual Sim, 3G, 4G, 5G, VoLTE, Vo5G, Wi-Fi, NFC","Snapdragon 8 Gen3, Octa Core, 3.3 GHz Processor","8 GB RAM, 128 GB inbuilt",5000 mAh Battery with 150W Fast Charging,"6.72 inches, 1080 x 2412 px, 120 Hz Display with Punch Hole",50 MP + 13 MP + 5 MP Triple Rear & 16 MP Front Camera,oneplus
OnePlus 12 Pro,"₹69,999",4.3,"Dual Sim, 3G, 4G, 5G, VoLTE, Vo5G, Wi-Fi, NFC","Snapdragon 8 Gen3, Octa Core, 3.3 GHz Processor","12 GB RAM, 256 GB inbuilt",4800 mAh Battery with 100W Fast Charging,"6.73 inches, 1440 x 3412 px, 144 Hz Display with Punch Hole",108 MP + 50 MP + 48 MP Triple Rear & 32 MP Front Camera,oneplus
OnePlus Nord 3T 5G,"₹29,990",4.2,"Dual Sim, 3G, 4G, 5G, VoLTE, Wi-Fi, NFC","Dimensity 1300, Octa Core, 3 GHz Processor","8 GB RAM, 128 GB inbuilt",4500 mAh Battery with 80W Fast Charging,"6.43 inches, 1080 x 2400 px, 90 Hz Display with Punch Hole",50 MP + 8 MP + 2 MP Triple Rear & 32 MP Front Camera,oneplus
OnePlus 10R 5G (12GB RAM + 256GB),"₹32,999",4.2,"Dual Sim, 3G, 4G, 5G, VoLTE, Wi-Fi, NFC","Dimensity 8100 Max, Octa Core, 2.85 GHz Processor","12 GB RAM, 256 GB inbuilt",5000 mAh Battery with 80W Fast Charging,"6.7 inches, 1080 x 2412 px, 120 Hz Display with Punch Hole",50 MP + 8 MP + 2 MP Triple Rear & 16 MP Front Camera,oneplus
OnePlus 7 Pro 5G,"₹62,999",4.45,"Dual Sim, 3G, 4G, 5G, VoLTE, Wi-Fi, NFC","Snapdragon 865, Octa Core, 2.84 GHz Processor","12 GB RAM, 256 GB inbuilt",4000 mAh Battery with Fast Charging,"6.67 inches, 1440 x 3120 px Display",48 MP + 16 MP + 8 MP Triple Rear & 16 MP Front Camera,oneplus
OnePlus Ace 2 Pro,"₹34,990",4.45,"Dual Sim, 3G, 4G, 5G, VoLTE, Wi-Fi, NFC, IR Blaster","Snapdragon 8 Gen2, Octa Core, 3.2 GHz Processor","12 GB RAM, 256 GB inbuilt",5000 mAh Battery with 150W Fast Charging,"6.74 inches, 1240 x 2772 px, 120 Hz Display with Punch Hole",50 MP + 8 MP + 2 MP Triple Rear & 16 MP Front Camera,oneplus
OnePlus Nord CE 3 Lite 5G,"₹16,499",4.25,"Dual Sim, 3G, 4G, 5G, VoLTE, Wi-Fi","Snapdragon 695 5G, Octa Core, 2.2 GHz Processor","8 GB RAM, 128 GB inbuilt",5000 mAh Battery with 67W Fast Charging,"6.72 inches, 1080 x 2400 px, 120 Hz Display with Punch Hole",108 MP + 2 MP + 2 MP Triple Rear & 16 MP Front Camera,oneplus
OnePlus Nord CE 3 5G,"₹22,990",4.7,"Dual Sim, 3G, 4G, 5G, VoLTE, Wi-Fi, NFC, IR Blaster","Snapdragon 782G, Octa Core, 2.7 GHz Processor","8 GB RAM, 128 GB inbuilt",5000 mAh Battery with 80W Fast Charging,"6.7 inches, 1080 x 2412 px, 120 Hz Display with Punch Hole",50 MP + 8 MP + 2 MP Triple Rear & 16 MP Front Camera,oneplus
OnePlus 12 (16GB RAM + 512GB),"₹51,112",4.35,"Dual Sim, 3G, 4G, 5G, VoLTE, Vo5G, Wi-Fi, NFC, IR Blaster","Snapdragon 8 Gen3, Octa Core, 3.3 GHz Processor","16 GB RAM, 512 GB inbuilt",5400 mAh Battery with 100W Fast Charging,"6.82 inches, 1440 x 3168 px, 120 Hz Display with Punch Hole",64 MP + 50 MP + 48 MP Triple Rear & 32 MP Front Camera,oneplus
OnePlus Nord 2T 5G,"₹23,990",4.5,"Dual Sim, 3G, 4G, 5G, VoLTE, Wi-Fi, NFC","Dimensity 1300, Octa Core, 3 GHz Processor","8 GB RAM, 128 GB inbuilt",4500 mAh Battery with 80W Fast Charging,"6.43 inches, 1080 x 2400 px, 90 Hz Display with Punch Hole",50 MP + 8 MP + 2 MP Triple Rear & 32 MP Front Camera,oneplus
OnePlus Nord CE 2 Lite 5G,"₹19,849",4,"Dual Sim, 3G, 4G, 5G, VoLTE, Wi-Fi","Snapdragon 695, Octa Core, 2.2 GHz Processor","6 GB RAM, 128 GB inbuilt",5000 mAh Battery with 33W Fast Charging,"6.59 inches, 1080 x 2412 px, 120 Hz Display with Punch Hole",64 MP + 2 MP + 2 MP Triple Rear & 16 MP Front Camera,oneplus
OnePlus Nord CE 5G,"₹22,989",3.75,"Dual Sim, 3G, 4G, 5G, VoLTE, Wi-Fi, NFC","Snapdragon 750G , Octa Core, 2.2 GHz Processor","6 GB RAM, 128 GB inbuilt",4500 mAh Battery with Fast Charging,"6.43 inches, 1080 x 2400 px, 90 Hz Display with Punch Hole",64 MP + 8 MP + 2 MP Triple Rear & 16 MP Front Camera,oneplus
OnePlus 11R 5G (18GB RAM + 512GB),"₹39,900",4.25,"Dual Sim, 3G, 4G, 5G, VoLTE, Wi-Fi, NFC, IR Blaster","Snapdragon 8+ Gen1, Octa Core, 3.2 GHz Processor","18 GB RAM, 512 GB inbuilt",5000 mAh Battery with 100W Fast Charging,"6.74 inches, 1240 x 2772 px, 120 Hz Display with Punch Hole",50 MP + 8 MP + 2 MP Triple Rear & 16 MP Front Camera,oneplus
OnePlus Nord CE 2 5G (8GB RAM + 128GB),"₹15,599",4.4,"Dual Sim, 3G, 4G, 5G, VoLTE, Wi-Fi, NFC","Dimensity 900, Octa Core, 2.4 GHz Processor","8 GB RAM, 128 GB inbuilt",4500 mAh Battery with 65W Fast Charging,"6.43 inches, 1080 x 2400 px, 90 Hz Display with Punch Hole",64 MP + 8 MP + 2 MP Triple Rear & 16 MP Front Camera,oneplus
OnePlus Nord CE 5G (12GB RAM + 256GB),"₹21,999",4.1,"Dual Sim, 3G, 4G, 5G, VoLTE, Wi-Fi, NFC","Snapdragon 750G , Octa Core, 2.2 GHz Processor","12 GB RAM, 256 GB inbuilt",4500 mAh Battery with Fast Charging,"6.43 inches, 1080 x 2400 px, 90 Hz Display with Punch Hole",64 MP + 8 MP + 2 MP Triple Rear & 16 MP Front Camera,oneplus
OnePlus Nord 2 5G,"₹25,999",4.45,"Dual Sim, 3G, 4G, 5G, VoLTE, Wi-Fi, NFC","Dimensity 1200 AI, Octa Core, 3 GHz Processor","8 GB RAM, 128 GB inbuilt",4500 mAh Battery with 65W Fast Charging,"6.43 inches, 1080 x 2400 px, 90 Hz Display with Punch Hole",50 MP + 8 MP + 2 MP Triple Rear & 32 MP Front Camera,oneplus
OnePlus Nord (12GB RAM + 256GB),"₹21,999",4.3,"Dual Sim, 3G, 4G, 5G, VoLTE, Wi-Fi, NFC","Snapdragon 765G, Octa Core, 2.4 GHz Processor","12 GB RAM, 256 GB inbuilt",4115 mAh Battery with Fast Charging,"6.44 inches, 1080 x 2400 px, 90 Hz Display with Dual Punch Hole",48 MP Quad Rear & 32 MP + 8 MP Dual Front Camera,oneplus
OnePlus Nord 5G,"₹23,990",4.5,"Dual Sim, 3G, 4G, 5G, VoLTE, Wi-Fi, NFC","Snapdragon 765G, Octa Core, 2.4 GHz Processor","6 GB RAM, 64 GB inbuilt",4115 mAh Battery with Fast Charging,"6.44 inches, 1080 x 2400 px, 90 Hz Display with Dual Punch Hole",48 MP Quad Rear & 32 MP + 8 MP Dual Front Camera,oneplus
OnePlus 8 Pro (12GB RAM + 256GB),"₹37,999",4.1,"Dual Sim, 3G, 4G, 5G, VoLTE, Wi-Fi, NFC","Snapdragon 865, Octa Core, 2.84 GHz Processor","12 GB RAM, 256 GB inbuilt",4510 mAh Battery with Fast Charging,"6.78 inches, 1440 x 3168 px, 120 Hz Display with Punch Hole",48 MP Quad Rear & 16 MP Front Camera,oneplus
OnePlus Nord CE 3 (12GB RAM + 256GB),"₹23,749",4.3,"Dual Sim, 3G, 4G, 5G, VoLTE, Wi-Fi, NFC, IR Blaster","Snapdragon 782G, Octa Core, 2.7 GHz Processor","12 GB RAM, 256 GB inbuilt",5000 mAh Battery with 80W Fast Charging,"6.7 inches, 1080 x 2412 px, 120 Hz Display with Punch Hole",50 MP + 8 MP + 2 MP Triple Rear & 16 MP Front Camera,oneplus
OnePlus Open 5G,"₹99,998",4.1,"Dual Sim, 3G, 4G, 5G, VoLTE, Wi-Fi, NFC, IR Blaster","Snapdragon 8 Gen2, Octa Core, 3.2 GHz Processor","16 GB RAM, 512 GB inbuilt",4805 mAh Battery with 67W Fast Charging,"7.82 inches, 2268 x 2440 px, 120 Hz Display with Punch Hole","Foldable Display, Dual Display",oneplus
OnePlus Nord 2T (12GB RAM + 256GB),"₹30,990",4.2,"Dual Sim, 3G, 4G, 5G, VoLTE, Wi-Fi, NFC","Dimensity 1300, Octa Core, 3 GHz Processor","12 GB RAM, 256 GB inbuilt",4500 mAh Battery with 80W Fast Charging,"6.43 inches, 1080 x 2400 px, 90 Hz Display with Punch Hole",50 MP + 8 MP + 2 MP Triple Rear & 32 MP Front Camera,oneplus
OnePlus Nord CE 2 Lite 5G (8GB RAM + 128GB),"₹21,849",4.3,"Dual Sim, 3G, 4G, 5G, VoLTE, Wi-Fi","Snapdragon 695, Octa Core, 2.2 GHz Processor","8 GB RAM, 128 GB inbuilt",5000 mAh Battery with 33W Fast Charging,"6.59 inches, 1080 x 2412 px, 120 Hz Display with Punch Hole",64 MP + 2 MP + 2 MP Triple Rear & 16 MP Front Camera,oneplus
OnePlus 10 Pro 5G (12GB RAM + 256GB),"₹39,710",4.05,"Dual Sim, 3G, 4G, 5G, VoLTE, Wi-Fi, NFC","Snapdragon 8 Gen1, Octa Core, 3 GHz Processor","12 GB RAM, 256 GB inbuilt",5000 mAh Battery with 80W Fast Charging,"6.7 inches, 1440 x 3216 px, 120 Hz Display with Punch Hole",50 MP + 48 MP + 8 MP Triple Rear & 32 MP Front Camera,oneplus
OnePlus Nord CE 2 5G,"₹18,990",4.6,"Dual Sim, 3G, 4G, 5G, VoLTE, Wi-Fi, NFC","Dimensity 900, Octa Core, 2.4 GHz Processor","6 GB RAM, 128 GB inbuilt",4500 mAh Battery with 65W Fast Charging,"6.43 inches, 1080 x 2400 px, 90 Hz Display with Punch Hole",64 MP + 8 MP + 2 MP Triple Rear & 16 MP Front Camera,oneplus
OnePlus Nord 2 5G (12GB RAM + 256GB),"₹29,992",4.5,"Dual Sim, 3G, 4G, 5G, VoLTE, Wi-Fi, NFC","Dimensity 1200 AI, Octa Core, 3 GHz Processor","12 GB RAM, 256 GB inbuilt",4500 mAh Battery with 65W Fast Charging,"6.43 inches, 1080 x 2400 px, 90 Hz Display with Punch Hole",50 MP + 8 MP + 2 MP Triple Rear & 32 MP Front Camera,oneplus
OnePlus Nord CE 5G (8GB RAM + 128GB),"₹21,999",4.35,"Dual Sim, 3G, 4G, 5G, VoLTE, Wi-Fi, NFC","Snapdragon 750G , Octa Core, 2.2 GHz Processor","8 GB RAM, 128 GB inbuilt",4500 mAh Battery with Fast Charging,"6.43 inches, 1080 x 2400 px, 90 Hz Display with Punch Hole",64 MP + 8 MP + 2 MP Triple Rear & 16 MP Front Camera,oneplus
OnePlus 9R (12GB RAM + 256GB),"₹22,990",4.1,"Dual Sim, 3G, 4G, 5G, VoLTE, Wi-Fi, NFC","Snapdragon 870, Octa Core, 3.2 GHz Processor","12 GB RAM, 256 GB inbuilt",4500 mAh Battery with 65W Fast Charging,"6.55 inches, 1080 x 2400 px, 120 Hz Display with Punch Hole",48 MP Quad Rear & 16 MP Front Camera,oneplus
OnePlus 9 (12GB RAM + 256GB),"₹28,490",4.45,"Dual Sim, 3G, 4G, 5G, VoLTE, Wi-Fi, NFC","Snapdragon 888, Octa Core, 2.84 GHz Processor","12 GB RAM, 256 GB inbuilt",4500 mAh Battery with Fast Charging,"6.55 inches, 1080 x 2400 px, 120 Hz Display with Punch Hole",50 MP + 48 MP + 2 MP Triple Rear & 16 MP Front Camera,oneplus
OnePlus 9 Pro (12GB RAM + 256GB),"₹47,999",4,"Dual Sim, 3G, 4G, 5G, VoLTE, Wi-Fi, NFC","Snapdragon 888, Octa Core, 2.84 GHz Processor","12 GB RAM, 256 GB inbuilt",4500 mAh Battery with 65W Fast Charging,"6.7 inches, 1440 x 3216 px, 120 Hz Display with Punch Hole",48 MP Quad Rear & 16 MP Front Camera,oneplus
OnePlus 9 Pro,"₹42,994",4.25,"Dual Sim, 3G, 4G, 5G, VoLTE, Wi-Fi, NFC","Snapdragon 888, Octa Core, 2.84 GHz Processor","8 GB RAM, 128 GB inbuilt",4500 mAh Battery with 65W Fast Charging,"6.7 inches, 1440 x 3216 px, 120 Hz Display with Punch Hole",48 MP Quad Rear & 16 MP Front Camera,oneplus
OnePlus 9,"₹23,498",4.3,"Dual Sim, 3G, 4G, 5G, VoLTE, Wi-Fi, NFC","Snapdragon 888, Octa Core, 2.84 GHz Processor","8 GB RAM, 128 GB inbuilt",4500 mAh Battery with Fast Charging,"6.55 inches, 1080 x 2400 px, 120 Hz Display with Punch Hole",50 MP + 48 MP + 2 MP Triple Rear & 16 MP Front Camera,oneplus
OnePlus Nord (8GB RAM + 128GB),"₹24,790",4.35,"Dual Sim, 3G, 4G, 5G, VoLTE, Wi-Fi, NFC","Snapdragon 765G, Octa Core, 2.4 GHz Processor","8 GB RAM, 128 GB inbuilt",4115 mAh Battery with Fast Charging,"6.44 inches, 1080 x 2400 px, 90 Hz Display with Dual Punch Hole",48 MP Quad Rear & 32 MP + 8 MP Dual Front Camera,oneplus
OnePlus 8 (8GB RAM + 128GB),"₹24,000",4.7,"Dual Sim, 3G, 4G, 5G, VoLTE, Wi-Fi, NFC","Snapdragon 865, Octa Core, 2.84 GHz Processor","8 GB RAM, 128 GB inbuilt",4300 mAh Battery with Fast Charging,"6.55 inches, 1080 x 2400 px, 90 Hz Display with Punch Hole",48 MP + 16 MP + 2 MP Triple Rear & 16 MP Front Camera,oneplus
OnePlus Nord N20 SE (4GB RAM + 128GB),"₹10,500",4.35,"Dual Sim, 3G, 4G, VoLTE, Wi-Fi","Helio G35, Octa Core, 2.3 GHz Processor","4 GB RAM, 128 GB inbuilt",5000 mAh Battery with 33W Fast Charging,"6.56 inches, 720 x 1612 px Display with Water Drop Notch",50 MP + 2 MP Dual Rear & 8 MP Front Camera,oneplus
OnePlus Ace 2V,"₹26,990",4.55,"Dual Sim, 3G, 4G, 5G, VoLTE, Wi-Fi, NFC, IR Blaster","Dimensity 9000, Octa Core, 3.05 GHz Processor","12 GB RAM, 256 GB inbuilt",5000 mAh Battery with 80W Fast Charging,"6.74 inches, 1240 x 2772 px, 120 Hz Display with Punch Hole",64 MP + 8 MP + 2 MP Triple Rear & 16 MP Front Camera,oneplus
OnePlus 10T (12GB RAM + 256GB),"₹35,199",4.45,"Dual Sim, 3G, 4G, 5G, VoLTE, Wi-Fi, NFC","Snapdragon 8+ Gen1, Octa Core, 3.2 GHz Processor","12 GB RAM, 256 GB inbuilt",4800 mAh Battery with 150W Fast Charging,"6.7 inches, 1080 x 2412 px, 120 Hz Display with Punch Hole",50 MP + 8 MP + 2 MP Triple Rear & 16 MP Front Camera,oneplus
OnePlus Ace Pro,"₹47,990",4.35,"Dual Sim, 3G, 4G, 5G, VoLTE, Wi-Fi, NFC","Snapdragon 8+ Gen1, Octa Core, 3.2 GHz Processor","12 GB RAM, 256 GB inbuilt",4800 mAh Battery with 150W Fast Charging,"6.7 inches, 1080 x 2412 px, 120 Hz Display with Punch Hole",50 MP + 8 MP + 2 MP Triple Rear & 16 MP Front Camera,oneplus
OnePlus Nord N300,"₹18,990",4.3,"Dual Sim, 3G, 4G, 5G, VoLTE, Wi-Fi, NFC","Dimensity 810 5G, Octa Core, 2.4 GHz Processor","4 GB RAM, 64 GB inbuilt",5000 mAh Battery with 33W Fast Charging,"6.56 inches, 720 x 1612 px, 90 Hz Display with Water Drop Notch",48 MP + 2 MP Dual Rear & 16 MP Front Camera,oneplus
OnePlus Nord N20 SE,"₹10,999",4.55,"Dual Sim, 3G, 4G, VoLTE, Wi-Fi","Helio G35, Octa Core, 2.3 GHz Processor","4 GB RAM, 64 GB inbuilt",5000 mAh Battery with 33W Fast Charging,"6.56 inches, 720 x 1612 px Display with Water Drop Notch",50 MP + 2 MP Dual Rear & 8 MP Front Camera,oneplus
OnePlus 10T,"₹29,999",4.6,"Dual Sim, 3G, 4G, 5G, VoLTE, Wi-Fi, NFC","Snapdragon 8+ Gen1, Octa Core, 3.2 GHz Processor","8 GB RAM, 128 GB inbuilt",4800 mAh Battery with 150W Fast Charging,"6.7 inches, 1080 x 2412 px, 120 Hz Display with Punch Hole",50 MP + 8 MP + 2 MP Triple Rear & 16 MP Front Camera,oneplus
OnePlus 10 Ultra 5G,"₹69,999",4.7,"Dual Sim, 3G, 4G, 5G, VoLTE, Wi-Fi, NFC","Snapdragon 8+ Gen1, Octa Core, 3.2 GHz Processor","8 GB RAM, 128 GB inbuilt",5000 mAh Battery with 80W Fast Charging,"6.7 inches, 1440 x 3216 px, 120 Hz Display with Punch Hole",50 MP + 48 MP + 8 MP Triple Rear & 32 MP Front Camera,oneplus
OnePlus 10R 5G (150W),"₹39,999",4.45,"Dual Sim, 3G, 4G, 5G, VoLTE, Wi-Fi, NFC","Dimensity 8100 Max, Octa Core, 2.85 GHz Processor","12 GB RAM, 256 GB inbuilt",4500 mAh Battery with 150W Fast Charging,"6.7 inches, 1080 x 2412 px, 120 Hz Display with Punch Hole",50 MP + 8 MP + 2 MP Triple Rear & 16 MP Front Camera,oneplus
OnePlus Ace 5G,"₹28,990",4.3,"Dual Sim, 3G, 4G, 5G, VoLTE, Wi-Fi, NFC","Dimensity 8100 Max, Octa Core, 2.85 GHz Processor","8 GB RAM, 128 GB inbuilt",4500 mAh Battery with 150W Fast Charging,"6.7 inches, 1080 x 2412 px, 120 Hz Display with Punch Hole",50 MP + 8 MP + 2 MP Triple Rear & 16 MP Front Camera,oneplus
OnePlus 10 Pro 5G (12GB RAM + 512GB),"₹74,999",4.45,"Dual Sim, 3G, 4G, 5G, VoLTE, Wi-Fi, NFC","Snapdragon 8 Gen1, Octa Core, 3 GHz Processor","12 GB RAM, 512 GB inbuilt",5000 mAh Battery with 80W Fast Charging,"6.7 inches, 1440 x 3216 px, 120 Hz Display with Punch Hole",50 MP + 48 MP + 8 MP Triple Rear & 32 MP Front Camera,oneplus
OnePlus Nord CE 2 Lite 5G (8GB RAM + 256GB),"₹24,999",4.1,"Dual Sim, 3G, 4G, 5G, VoLTE, Wi-Fi","Snapdragon 695, Octa Core, 2.2 GHz Processor","8 GB RAM, 256 GB inbuilt",5000 mAh Battery with 33W Fast Charging,"6.59 inches, 1080 x 2412 px, 120 Hz Display with Punch Hole",64 MP + 2 MP + 2 MP Triple Rear & 16 MP Front Camera,oneplus
OnePlus Nord N20 5G,"₹20,990",4.15,"Dual Sim, 3G, 4G, 5G, VoLTE, Wi-Fi, NFC","Snapdragon 695, Octa Core, 2.2 GHz Processor","6 GB RAM, 128 GB inbuilt",4500 mAh Battery with 33W Fast Charging,"6.43 inches, 1080 x 2400 px Display with Punch Hole",64 MP + 2 MP + 2 MP Triple Rear & 16 MP Front Camera,oneplus
OnePlus Nord 2 Pac Man Limited Edition,"₹29,992",4.35,"Dual Sim, 3G, 4G, 5G, VoLTE, Wi-Fi, NFC","Dimensity 1200 AI, Octa Core, 3 GHz Processor","12 GB RAM, 256 GB inbuilt",4500 mAh Battery with 65W Fast Charging,"6.43 inches, 1080 x 2400 px, 90 Hz Display with Punch Hole",50 MP + 8 MP + 2 MP Triple Rear & 32 MP Front Camera,oneplus
OnePlus 9RT 5G (8GB RAM + 256GB),"₹44,999",4.6,"Dual Sim, 3G, 4G, 5G, VoLTE, Wi-Fi, NFC","Snapdragon 888, Octa Core, 2.84 GHz Processor","8 GB RAM, 256 GB inbuilt",4500 mAh Battery with Fast Charging,"6.62 inches, 1080 x 2400 px, 120 Hz Display with Punch Hole",50 MP + 16 MP + 2 MP Triple Rear & 16 MP Front Camera,oneplus
